{
    "accuracy": 0.9333333333333333,
    "precision": 1.0,
    "recall": 0.75,
    "f1": 0.8571428571428571
}